{"cameraMode":{"drawMode":0,"name":"Shaded","section":"Shading Mode"},"sceneLighting":false,"audioPlay":false,"sceneViewState":{"m_AlwaysRefresh":false,"showFog":true,"showSkybox":false,"showFlares":true,"showImageEffects":true,"showParticleSystems":true,"showVisualEffectGraphs":true,"m_FxEnabled":true},"in2DMode":false,"pivot":{"x":0.08307397365570069,"y":0.7667182683944702,"z":0.7456957101821899},"rotation":{"x":0.03811727836728096,"y":0.9575522541999817,"z":0.15031172335147859,"w":-0.24319058656692506},"size":0.6127686500549316,"orthographic":false}