{"cameraMode":{"drawMode":0,"name":"Shaded","section":"Shading Mode"},"sceneLighting":false,"audioPlay":false,"sceneViewState":{"m_AlwaysRefresh":false,"showFog":true,"showSkybox":false,"showFlares":true,"showImageEffects":true,"showParticleSystems":true,"showVisualEffectGraphs":true,"m_FxEnabled":true},"in2DMode":false,"pivot":{"x":0.0969529002904892,"y":0.3275515139102936,"z":0.05232401564717293},"rotation":{"x":-0.11422990262508393,"y":0.7839261889457703,"z":-0.15140540897846223,"w":-0.5912554860115051},"size":0.4582574665546417,"orthographic":false}