{"cameraMode":{"drawMode":0,"name":"Shaded","section":"Shading Mode"},"sceneLighting":true,"audioPlay":false,"sceneViewState":{"m_AlwaysRefresh":false,"showFog":true,"showSkybox":true,"showFlares":true,"showImageEffects":true,"showParticleSystems":true,"showVisualEffectGraphs":true,"m_FxEnabled":true},"in2DMode":false,"pivot":{"x":23.726911544799806,"y":-38.05191421508789,"z":-64.94448852539063},"rotation":{"x":-0.045541390776634219,"y":-0.9519140124320984,"z":0.24693037569522859,"w":-0.17557621002197267},"size":44.290924072265628,"orthographic":false}