{"cameraMode":{"drawMode":0,"name":"Shaded","section":"Shading Mode"},"sceneLighting":true,"audioPlay":false,"sceneViewState":{"m_AlwaysRefresh":false,"showFog":true,"showSkybox":true,"showFlares":true,"showImageEffects":true,"showParticleSystems":true,"showVisualEffectGraphs":true,"m_FxEnabled":true},"in2DMode":false,"pivot":{"x":1.3530828952789307,"y":-0.3872450590133667,"z":4.561991214752197},"rotation":{"x":-0.20220011472702027,"y":-0.38888147473335268,"z":0.08791454136371613,"w":-0.8945313096046448},"size":3.6919641494750978,"orthographic":false}