{"cameraMode":{"drawMode":0,"name":"Shaded","section":"Shading Mode"},"sceneLighting":true,"audioPlay":false,"sceneViewState":{"m_AlwaysRefresh":false,"showFog":true,"showSkybox":true,"showFlares":true,"showImageEffects":true,"showParticleSystems":true,"showVisualEffectGraphs":true,"m_FxEnabled":true},"in2DMode":false,"pivot":{"x":0.26107266545295718,"y":-0.5900518298149109,"z":3.293599843978882},"rotation":{"x":-0.038700953125953677,"y":0.9613201022148132,"z":-0.187176913022995,"w":-0.19857239723205567},"size":3.365386486053467,"orthographic":false}