{"cameraMode":{"drawMode":0,"name":"Shaded","section":"Shading Mode"},"sceneLighting":false,"audioPlay":false,"sceneViewState":{"m_AlwaysRefresh":false,"showFog":true,"showSkybox":false,"showFlares":true,"showImageEffects":true,"showParticleSystems":true,"showVisualEffectGraphs":true,"m_FxEnabled":true},"in2DMode":false,"pivot":{"x":-1.0268290042877198,"y":0.10521994531154633,"z":0.6245287656784058},"rotation":{"x":-0.16265110671520234,"y":0.8017399311065674,"z":-0.2522309124469757,"w":-0.5169470310211182},"size":1.1010907888412476,"orthographic":false}