{"cameraMode":{"drawMode":0,"name":"Shaded","section":"Shading Mode"},"sceneLighting":false,"audioPlay":false,"sceneViewState":{"m_AlwaysRefresh":false,"showFog":true,"showSkybox":false,"showFlares":true,"showImageEffects":true,"showParticleSystems":true,"showVisualEffectGraphs":true,"m_FxEnabled":true},"in2DMode":false,"pivot":{"x":0.2294255793094635,"y":1.6008187532424927,"z":0.39690351486206057},"rotation":{"x":-0.004112142603844404,"y":0.9958055019378662,"z":-0.07363133132457733,"w":-0.05502453073859215},"size":0.378288596868515,"orthographic":false}