{"cameraMode":{"drawMode":0,"name":"Shaded","section":"Shading Mode"},"sceneLighting":false,"audioPlay":false,"sceneViewState":{"m_AlwaysRefresh":false,"showFog":true,"showSkybox":false,"showFlares":true,"showImageEffects":true,"showParticleSystems":true,"showVisualEffectGraphs":true,"m_FxEnabled":true},"in2DMode":false,"pivot":{"x":2.384185791015625e-7,"y":0.3659999966621399,"z":1.8980000019073487},"rotation":{"x":0.03811727836728096,"y":0.9575522541999817,"z":0.15031172335147859,"w":-0.24319058656692506},"size":0.34641018509864809,"orthographic":false}